subjid,te,actual,reported,naive
1,1,7,6,0
1,1,64,46,0
1,1,3,3,0
1,1,3,3,0
1,1,7,5,0
1,1,14,10,0
1,1,14,10,0
1,1,30,20,0
1,1,30,21,0
1,1,3,2,0
1,1,14,10,0
1,1,64,45,0
1,1,64,43,0
1,1,30,21,0
1,1,7,40,0
1,0,7,8.30745,0
1,0,64,82.3251,0
1,0,3,3.18597,0
1,0,14,16.0788,0
1,0,3,3.93483,0
1,0,3,3.95828,0
1,0,14,17.6124,0
1,0,64,71.1733,0
1,0,14,15.2267,0
1,0,7,7.43868,0
1,0,30,35.9534,0
1,0,30,31.7103,0
1,0,64,79.6606,0
1,0,7,10.2858,0
1,0,30,32.4496,0
2,1,7,5,0
2,1,3,2,0
2,1,30,19,0
2,1,64,41,0
2,1,30,20,0
2,1,64,39,0
2,1,14,9,0
2,1,14,9,0
2,1,30,17,0
2,1,7,4,0
2,1,7,5,0
2,1,3,2,0
2,1,14,9,0
2,1,64,35,0
2,1,3,2,0
2,0,14,24.9921,0
2,0,30,53.4933,0
2,0,64,114.804,0
2,0,14,25.055,0
2,0,7,11.2681,0
2,0,3,3.50979,0
2,0,30,52.0718,0
2,0,64,113.21,0
2,0,3,2.85785,0
2,0,3,4.6652,0
2,0,7,9.96003,0
2,0,30,48.1206,0
2,0,7,10.4992,0
2,0,14,24.3113,0
2,0,64,121.28,0
3,1,30,29,0
3,1,3,2,0
3,1,7,7,0
3,1,64,62,0
3,1,3,2,0
3,1,14,13,0
3,1,7,6,0
3,1,64,60,0
3,1,3,2,0
3,1,30,30,0
3,1,7,5,0
3,1,30,29,0
3,1,64,64,0
3,1,14,15,0
3,1,14,15,0
3,0,64,67.3328,0
3,0,3,2.96978,0
3,0,14,12.8231,0
3,0,30,27.0097,0
3,0,64,57.5501,0
3,0,3,2.29672,0
3,0,14,11.3195,0
3,0,30,27.5997,0
3,0,64,61.4549,0
3,0,7,5.65488,0
3,0,3,2.17194,0
3,0,30,35.7864,0
3,0,7,5.25412,0
3,0,7,5.83993,0
3,0,14,15.0166,0
4,1,30,20,0
4,1,14,9,0
4,1,14,9,0
4,1,30,20,0
4,1,64,42,0
4,1,3,3,0
4,1,7,5,0
4,1,64,41,0
4,1,64,43,0
4,1,7,5,0
4,1,7,4,0
4,1,14,8,0
4,1,3,2,0
4,1,30,19,0
4,1,3,2,0
4,0,64,92.7572,0
4,0,7,9.80841,0
4,0,14,21.0546,0
4,0,30,43.2428,0
4,0,14,20.9166,0
4,0,64,94.1363,0
4,0,14,19.8971,0
4,0,64,92.4542,0
4,0,3,4.06141,0
4,0,3,3.99896,0
4,0,7,9.68205,0
4,0,30,42.05,0
4,0,3,4.18105,0
4,0,7,9.55977,0
4,0,30,42.9492,0
5,1,14,12,0
5,1,3,2,0
5,1,14,13,0
5,1,7,5,0
5,1,30,23,0
5,1,30,23,0
5,1,64,50,0
5,1,64,50,0
5,1,14,20,0
5,1,3,2,0
5,1,7,5,0
5,1,64,55,0
5,1,30,24,0
5,1,3,2,0
5,1,7,5,0
5,0,64,80.085,0
5,0,7,8.91619,0
5,0,64,79.4252,0
5,0,14,16.5049,0
5,0,14,16.9175,0
5,0,3,3.50355,0
5,0,30,37.8692,0
5,0,14,19.0325,0
5,0,7,8.66986,0
5,0,64,90.2014,0
5,0,30,39.8993,0
5,0,30,41.6542,0
5,0,3,3.2791,0
5,0,3,3.95718,0
5,0,7,9.51672,0
6,1,7,7,0
6,1,30,28,0
6,1,14,15,0
6,1,3,3,0
6,1,64,59,0
6,1,64,59,0
6,1,3,3,0
6,1,7,7,0
6,1,64,65,0
6,1,7,8,0
6,1,3,3,0
6,1,30,31,0
6,1,30,30,0
6,1,14,14,0
6,1,14,13,0
6,0,14,13.8204,0
6,0,7,7.14578,0
6,0,3,2.63818,0
6,0,7,6.3587,0
6,0,30,28.3426,0
6,0,64,66.0377,0
6,0,64,69.8979,0
6,0,3,3.0643,0
6,0,14,14.5344,0
6,0,64,66.3807,0
6,0,3,3.45574,0
6,0,30,32.4896,0
6,0,30,33.6127,0
6,0,14,17.4398,0
6,0,7,7.4954,0
7,1,30,30,0
7,1,30,30,0
7,1,3,3,0
7,1,7,7,0
7,1,64,60,0
7,1,30,30,0
7,1,3,3,0
7,1,7,7,0
7,1,64,67,0
7,1,14,15,0
7,1,3,4,0
7,1,14,15,0
7,1,14,17,0
7,1,64,70,0
7,1,7,8,0
7,0,64,52.8185,0
7,0,64,53.5013,0
7,0,14,9.85974,0
7,0,7,5.63289,0
7,0,30,24.4727,0
7,0,7,6.21772,0
7,0,14,12.38,0
7,0,3,1.61411,0
7,0,3,2.04159,0
7,0,64,49.6339,0
7,0,3,1.80275,0
7,0,7,5.77013,0
7,0,30,23.8286,0
7,0,14,11.5314,0
7,0,30,23.5751,0
8,1,7,8,0
8,1,7,8,0
8,1,14,15,0
8,1,30,34,0
8,1,64,71,0
8,1,14,16,0
8,1,3,4,0
8,1,64,82,0
8,1,3,4,0
8,1,14,16,0
8,1,64,70,0
8,1,7,7,0
8,1,30,31,0
8,1,3,4,0
8,1,30,29,0
8,0,14,14.0724,0
8,0,14,13.3562,0
8,0,64,61.3012,0
8,0,3,2.43633,0
8,0,30,28.8927,0
8,0,3,2.66724,0
8,0,7,6.62571,0
8,0,7,6.65703,0
8,0,3,3.06151,0
8,0,30,29.0197,0
8,0,64,58.7963,0
8,0,64,62.2992,0
8,0,30,30.1479,0
8,0,14,14.6971,0
8,0,7,7.5154,0
9,1,7,5,0
9,1,14,12,0
9,1,7,5,0
9,1,3,3,0
9,1,64,54,0
9,1,64,58,0
9,1,7,6,0
9,1,30,29,0
9,1,3,2,0
9,1,14,14,0
9,1,30,29,0
9,1,30,27,0
9,1,64,60,0
9,1,14,13,0
9,1,3,2,0
9,0,30,31.196,0
9,0,64,66.1295,0
9,0,7,7.45717,0
9,0,14,14.4806,0
9,0,3,3.10833,0
9,0,64,64.8975,0
9,0,64,61.976,0
9,0,30,32.0281,0
9,0,30,34.7859,0
9,0,14,15.1061,0
9,0,7,7.97744,0
9,0,14,12.6681,0
9,0,3,2.43426,0
9,0,3,2.50992,0
9,0,7,6.217,0
10,1,3,3,0
10,1,30,27,0
10,1,3,2,0
10,1,30,27,0
10,1,7,6,0
10,1,64,57,0
10,1,30,26,0
10,1,64,54,0
10,1,3,2,0
10,1,7,6,0
10,1,14,12,0
10,1,7,6,0
10,1,14,11,0
10,1,64,54,0
10,1,14,12,0
10,0,7,8.3364,0
10,0,64,76.2752,0
10,0,64,75.0005,0
10,0,14,15.4421,0
10,0,30,34.2878,0
10,0,7,6.77777,0
10,0,7,6.42089,0
10,0,3,3.31365,0
10,0,3,3.1928,0
10,0,30,34.1244,0
10,0,64,66.1553,0
10,0,30,30.689,0
10,0,14,14.5392,0
10,0,3,2.7233,0
10,0,14,13.9327,0
11,1,64,42,0
11,1,30,18,0
11,1,14,8,0
11,1,30,19,0
11,1,7,4,0
11,1,14,8,0
11,1,30,18,0
11,1,7,3,0
11,1,3,1,0
11,1,64,38,0
11,1,7,4,0
11,1,14,8,0
11,1,3,1,0
11,1,64,37,0
11,1,3,1,0
11,0,3,3.31863,0
11,0,7,10.2877,0
11,0,64,107.666,0
11,0,30,54.7994,0
11,0,30,51.18,0
11,0,30,44.9247,0
11,0,14,20.2126,0
11,0,7,10.3174,0
11,0,14,25.2906,0
11,0,64,99.4382,0
11,0,14,25.9891,0
11,0,64,97.2777,0
11,0,3,4.19471,0
11,0,7,10.6892,0
11,0,3,4.86785,0
12,1,7,9,0
12,1,30,33,0
12,1,3,2,0
12,1,64,72,0
12,1,7,7,0
12,1,14,15,0
12,1,30,33,0
12,1,3,2,0
12,1,64,66,0
12,1,7,7,0
12,1,30,35,0
12,1,14,14,0
12,1,64,68,0
12,1,14,15,0
12,1,3,2,0
12,0,7,6.40202,0
12,0,3,2.79634,0
12,0,3,4.01837,0
12,0,30,27.5466,0
12,0,7,6.95269,0
12,0,64,59.3399,0
12,0,14,13.2106,0
12,0,30,27.3484,0
12,0,30,28.0711,0
12,0,64,55.9977,0
12,0,7,7.75051,0
12,0,14,13.224,0
12,0,14,14.5123,0
12,0,64,55.5014,0
12,0,3,3.63709,0
13,1,30,34,0
13,1,14,16,0
13,1,64,77,0
13,1,30,34,0
13,1,30,34,0
13,1,64,70,0
13,1,7,7,0
13,1,64,72,0
13,1,3,3,0
13,1,3,4,0
13,1,3,3,0
13,1,14,14,0
13,1,7,8,0
13,1,14,15,0
13,1,7,7,0
13,0,14,13.0519,0
13,0,3,3.39622,0
13,0,7,7.34889,0
13,0,14,13.9948,0
13,0,30,27.9798,0
13,0,64,60.5014,0
13,0,64,57.6899,0
13,0,7,6.72984,0
13,0,64,58.4087,0
13,0,3,2.87369,0
13,0,14,12.114,0
13,0,7,6.12997,0
13,0,30,25.8569,0
13,0,30,26.2342,0
13,0,3,2.91683,0
14,1,3,2,0
14,1,14,9,0
14,1,30,22,0
14,1,30,21,0
14,1,3,2,0
14,1,3,2,0
14,1,64,38,0
14,1,7,4,0
14,1,64,38,0
14,1,7,4,0
14,1,64,42,0
14,1,7,4,0
14,1,14,9,0
14,1,30,19,0
14,1,14,9,0
14,0,14,18.1315,0
14,0,14,18.4634,0
14,0,64,93.0272,0
14,0,7,9.0005,0
14,0,30,37.5525,0
14,0,30,34.7572,0
14,0,14,15.642,0
14,0,30,36.1144,0
14,0,3,3.38651,0
14,0,3,3.04047,0
14,0,7,7.25729,0
14,0,64,79.0362,0
14,0,7,8.29191,0
14,0,3,3.45454,0
14,0,64,81.0388,0
15,1,64,29,0
15,1,14,5,0
15,1,3,1,0
15,1,30,9,0
15,1,30,8,0
15,1,14,4,0
15,1,64,20,0
15,1,30,8,0
15,1,14,4,0
15,1,7,2,0
15,1,7,2,0
15,1,3,1,0
15,1,7,2,0
15,1,64,14,0
15,1,3,1,0
15,0,30,90.8628,0
15,0,30,95.1583,0
15,0,14,27.5785,0
15,0,7,15.2618,0
15,0,7,15.6453,0
15,0,7,15.6364,0
15,0,14,42.7488,0
15,0,14,34.4084,0
15,0,3,6.52976,0
15,0,64,158.465,0
15,0,64,172.715,0
15,0,64,153.945,0
15,0,3,4.87345,0
15,0,30,78.5789,0
15,0,3,5.69816,0
16,1,64,48,0
16,1,3,2,0
16,1,7,4,0
16,1,7,5,0
16,1,14,10,0
16,1,30,21,0
16,1,64,45,0
16,1,3,2,0
16,1,3,2,0
16,1,30,22,0
16,1,14,11,0
16,1,7,5,0
16,1,30,24,0
16,1,64,53,0
16,1,14,11,0
16,0,3,3.59737,0
16,0,64,70.0922,0
16,0,7,8.62229,0
16,0,30,32.4326,0
16,0,14,17.1355,0
16,0,7,9.37104,0
16,0,14,14.7746,0
16,0,30,29.4923,0
16,0,3,3.24209,0
16,0,64,59.595,0
16,0,14,14.7193,0
16,0,64,62.9687,0
16,0,7,7.1231,0
16,0,30,30.5981,0
16,0,3,3.04843,0
17,1,3,3,0
17,1,30,27,0
17,1,14,14,0
17,1,3,2,0
17,1,7,6,0
17,1,30,23,0
17,1,30,24,0
17,1,64,51,0
17,1,7,7,0
17,1,14,13,0
17,1,7,6,0
17,1,14,13,0
17,1,64,54,0
17,1,3,3,0
17,1,64,51,0
17,0,14,17.7143,0
17,0,14,18.0717,0
17,0,7,8.38097,0
17,0,14,19.5795,0
17,0,3,3.23151,0
17,0,64,82.1833,0
17,0,3,2.41199,0
17,0,30,36.0904,0
17,0,30,36.8857,0
17,0,30,33.9594,0
17,0,7,7.42914,0
17,0,3,2.90771,0
17,0,64,75.2857,0
17,0,64,78.2678,0
17,0,7,7.63795,0
18,1,7,6,0
18,1,64,68,0
18,1,3,3,0
18,1,14,10,0
18,1,7,5,0
18,1,3,2,0
18,1,14,13,0
18,1,64,66,0
18,1,14,14,0
18,1,3,2,0
18,1,30,31,0
18,1,30,36,0
18,1,30,34,0
18,1,7,8,0
18,1,64,71,0
18,0,64,5.28511,0
18,0,7,7.16603,0
18,0,64,56.7099,0
18,0,14,13.159,0
18,0,3,2.72705,0
18,0,14,12.5128,0
18,0,3,2.20364,0
18,0,30,26.6464,0
18,0,7,5.99041,0
18,0,30,27.7858,0
18,0,64,54.7113,0
18,0,14,12.511,0
18,0,30,28.3001,0
18,0,7,7.57463,0
18,0,3,3.03282,0
19,1,64,56,0
19,1,3,2,0
19,1,7,6,0
19,1,30,25,0
19,1,64,50,0
19,1,14,12,0
19,1,3,2,0
19,1,14,12,0
19,1,30,27,0
19,1,30,28,0
19,1,14,13,0
19,1,7,6,0
19,1,64,60,0
19,1,7,6,0
19,1,3,2,0
19,0,3,3.39196,0
19,0,7,7.51869,0
19,0,7,7.65401,0
19,0,30,30.4706,0
19,0,64,72.6498,0
19,0,30,34.4475,0
19,0,14,16.0339,0
19,0,3,3.26155,0
19,0,64,64.0886,0
19,0,14,14.211,0
19,0,7,7.34298,0
19,0,3,2.988,0
19,0,14,14.073,0
19,0,64,65.4858,0
19,0,30,33.2086,0
20,1,30,30,0
20,1,30,20,0
20,1,7,5,0
20,1,3,3,0
20,1,64,40,0
20,1,7,5,0
20,1,14,10,0
20,1,7,4,0
20,1,64,40,0
20,1,30,15,0
20,1,14,8,0
20,1,14,10,0
20,1,3,2,0
20,1,3,3,0
20,1,64,40,0
20,0,14,21.9191,0
20,0,64,115.846,0
20,0,30,56.7143,0
20,0,7,12.8914,0
20,0,30,59.814,0
20,0,3,3.1616,0
20,0,7,11.2329,0
20,0,14,23.4182,0
20,0,64,104.519,0
20,0,3,4.00687,0
20,0,64,111.931,0
20,0,14,18.3152,0
20,0,7,10.8606,0
20,0,3,3.18405,0
20,0,30,48.7855,0
21,1,14,16,0
21,1,3,3,0
21,1,7,7,0
21,1,30,32,0
21,1,14,14,0
21,1,3,3,0
21,1,7,6,0
21,1,64,70,0
21,1,64,70,0
21,1,64,67,0
21,1,3,2,0
21,1,14,16,0
21,1,30,38,0
21,1,30,36,0
21,1,7,8,0
21,0,64,47.7629,0
21,0,3,1.72009,0
21,0,30,18.1855,0
21,0,30,21.4378,0
21,0,14,10.0383,0
21,0,3,2.15224,0
21,0,3,3.01612,0
21,0,14,10.5837,0
21,0,64,27.8231,0
21,0,7,5.69077,0
21,0,64,46.231,0
21,0,7,5.25926,0
21,0,30,22.7816,0
21,0,7,5.66005,0
21,0,14,11.5986,0
22,1,7,6,0
22,1,64,48,0
22,1,30,23,0
22,1,7,4,0
22,1,3,2,0
22,1,64,43,0
22,1,14,11,0
22,1,3,2,0
22,1,30,23,0
22,1,14,9,0
22,1,3,1,0
22,1,64,45,0
22,1,14,10,0
22,1,7,5,0
22,1,30,23,0
22,0,7,7.581,0
22,0,64,86.2467,0
22,0,30,39.5929,0
22,0,3,3.4904,0
22,0,14,17.0352,0
22,0,14,17.4248,0
22,0,64,73.521,0
22,0,30,38.3856,0
22,0,7,7.06864,0
22,0,30,19.4697,0
22,0,3,2.26815,0
22,0,7,7.12977,0
22,0,3,3.78469,0
22,0,64,84.2814,0
22,0,14,18.1181,0
23,1,7,6,0
23,1,7,6,0
23,1,64,57,0
23,1,14,11,0
23,1,3,2,0
23,1,30,25,0
23,1,64,59,0
23,1,30,25,0
23,1,30,25,0
23,1,14,13,0
23,1,3,2,0
23,1,64,60,0
23,1,14,14,0
23,1,3,2,0
23,1,7,5,0
23,0,64,60.888,0
23,0,3,2.97882,0
23,0,3,2.5151,0
23,0,30,28.9542,0
23,0,3,3.06678,0
23,0,64,57.3609,0
23,0,30,27.1855,0
23,0,14,13.367,0
23,0,7,6.21469,0
23,0,7,7.35478,0
23,0,14,13.7448,0
23,0,7,7.47253,0
23,0,64,56.7376,0
23,0,30,26.6803,0
23,0,14,12.5193,0
24,1,7,5,0
24,1,14,9,0
24,1,64,42,0
24,1,64,45,0
24,1,7,4,0
24,1,64,45,0
24,1,3,2,0
24,1,30,21,0
24,1,30,21,0
24,1,30,20,0
24,1,7,5,0
24,1,3,2,0
24,1,14,10,0
24,1,14,10,0
24,1,3,2,0
24,0,7,10.0499,0
24,0,64,88.6828,0
24,0,14,18.3929,0
24,0,30,39.2791,0
24,0,3,3.81509,0
24,0,7,9.17664,0
24,0,3,2.96416,0
24,0,64,83.3045,0
24,0,64,82.8811,0
24,0,3,2.87885,0
24,0,30,36.5724,0
24,0,14,17.7003,0
24,0,30,38.9867,0
24,0,14,17.0407,0
24,0,7,8.45484,0
25,1,14,14,1
25,1,30,30,1
25,1,3,3,1
25,1,64,64,1
25,1,7,3,1
25,1,30,30,1
25,1,7,8,1
25,1,14,14,1
25,1,3,2,1
25,1,3,3,1
25,1,64,64,1
25,1,14,14,1
25,1,64,64,1
25,1,30,28,1
25,1,7,7,1
25,0,7,7.55414,1
25,0,3,3.26402,1
25,0,64,66.8888,1
25,0,3,3.37758,1
25,0,30,31.0961,1
25,0,7,8.23284,1
25,0,64,68.5298,1
25,0,14,16.5289,1
25,0,30,32.4843,1
25,0,14,14.682,1
25,0,7,8.17958,1
25,0,3,3.87837,1
25,0,14,15.3626,1
25,0,64,66.7724,1
25,0,30,32.5902,1
26,1,14,10,1
26,1,64,42,1
26,1,3,2,1
26,1,7,5,1
26,1,64,41,1
26,1,30,18,1
26,1,30,24,1
26,1,14,10,1
26,1,3,3,1
26,1,7,6,1
26,1,7,5,1
26,1,14,10,1
26,1,64,38,1
26,1,30,18,1
26,1,3,2,1
26,0,30,38.7206,1
26,0,7,9.77676,1
26,0,3,3.39301,1
26,0,30,42.0996,1
26,0,7,9.29166,1
26,0,3,3.91435,1
26,0,64,80.5803,1
26,0,14,19.8445,1
26,0,3,4.21247,1
26,0,64,81.473,1
26,0,64,68.7695,1
26,0,30,40.769,1
26,0,7,10.5555,1
26,0,14,22.9735,1
26,0,14,19.4668,1
27,1,30,24,1
27,1,64,53,1
27,1,14,13,1
27,1,3,3,1
27,1,7,5,1
27,1,7,5,1
27,1,30,20,1
27,1,64,48,1
27,1,3,3,1
27,1,3,2,1
27,1,14,12,1
27,1,30,21,1
27,1,64,43,1
27,1,14,14,1
27,1,7,8,1
27,0,64,84.1711,1
27,0,14,13.6706,1
27,0,64,83.245,1
27,0,14,19.1763,1
27,0,3,2.82471,1
27,0,14,13.3601,1
27,0,30,30.5733,1
27,0,64,55.1029,1
27,0,30,33.3159,1
27,0,7,17.2524,1
27,0,3,3.76212,1
27,0,30,42.3986,1
27,0,3,3.27144,1
27,0,7,10.8007,1
27,0,7,11.086,1
28,1,64,72,1
28,1,3,5,1
28,1,3,4,1
28,1,30,40,1
28,1,14,16,1
28,1,7,8,1
28,1,30,40,1
28,1,14,20,1
28,1,7,7,1
28,1,3,3,1
28,1,30,31,1
28,1,14,12,1
28,1,64,59,1
28,1,64,56,1
28,1,7,7,1
28,0,7,5.189,1
28,0,7,5.96086,1
28,0,64,62.2068,1
28,0,3,1.92172,1
28,0,64,52.5408,1
28,0,14,14.1827,1
28,0,30,26.5165,1
28,0,14,8.66217,1
28,0,14,8.36756,1
28,0,30,17.8618,1
28,0,3,1.70077,1
28,0,30,21.5105,1
28,0,3,1.10291,1
28,0,7,4.62684,1
28,0,64,41.0786,1
29,1,7,6,1
29,1,14,12,1
29,1,14,12,1
29,1,64,56,1
29,1,30,27,1
29,1,30,23,1
29,1,3,3,1
29,1,14,11,1
29,1,3,24,1
29,1,64,58,1
29,1,7,6,1
29,1,30,25,1
29,1,64,57,1
29,1,7,7,1
29,1,3,3,1
29,0,30,2.39412,1
29,0,3,4.17635,1
29,0,14,14.3585,1
29,0,64,79.7678,1
29,0,64,68.413,1
29,0,30,36.6964,1
29,0,14,14.9006,1
29,0,64,55.9823,1
29,0,7,7.03245,1
29,0,7,8.43082,1
29,0,30,31.1424,1
29,0,3,2.39946,1
29,0,7,6.58576,1
29,0,14,13.5784,1
29,0,3,3.25759,1
30,1,64,43,1
30,1,30,22,1
30,1,30,22,1
30,1,64,50,1
30,1,64,49,1
30,1,14,11,1
30,1,3,3,1
30,1,7,6,1
30,1,14,11,1
30,1,7,5,1
30,1,14,10,1
30,1,3,2,1
30,1,3,2,1
30,1,7,6,1
30,1,30,25,1
30,0,30,40.5417,1
30,0,7,9.37749,1
30,0,64,85.7005,1
30,0,3,3.70368,1
30,0,14,17.1049,1
30,0,64,92.6643,1
30,0,14,16.8546,1
30,0,7,8.57623,1
30,0,30,39.3206,1
30,0,14,29.8523,1
30,0,30,45.4848,1
30,0,7,10.2071,1
30,0,3,4.20052,1
30,0,64,91.6137,1
30,0,3,4.31693,1
31,1,64,34,1
31,1,64,39,1
31,1,14,11,1
31,1,64,40,1
31,1,30,23,1
31,1,7,6,1
31,1,7,6,1
31,1,14,11,1
31,1,30,23,1
31,1,14,13,1
31,1,30,25,1
31,1,3,3,1
31,1,3,2,1
31,1,3,3,1
31,1,7,6,1
31,0,14,17.2422,1
31,0,30,41.6676,1
31,0,64,111.593,1
31,0,3,3.78889,1
31,0,30,42.1431,1
31,0,64,91.8739,1
31,0,14,20.4164,1
31,0,30,42.8788,1
31,0,3,3.90875,1
31,0,7,9.44643,1
31,0,14,20.1697,1
31,0,7,9.65621,1
31,0,7,9.86138,1
31,0,3,3.92826,1
31,0,64,98.5192,1
32,1,64,62,1
32,1,64,60,1
32,1,7,15,1
32,1,14,15,1
32,1,7,10,1
32,1,30,30,1
32,1,30,30,1
32,1,3,1,1
32,1,64,60,1
32,1,7,5,1
32,1,14,15,1
32,1,14,15,1
32,1,3,2,1
32,1,3,3,1
32,1,30,28,1
32,0,3,2.85869,1
32,0,64,59.2902,1
32,0,14,19.6964,1
32,0,7,5.82921,1
32,0,30,31.0491,1
32,0,7,7.58898,1
32,0,14,16.0699,1
32,0,30,30.8702,1
32,0,3,1.8957,1
32,0,64,61.1706,1
32,0,64,60.8892,1
32,0,14,15.4824,1
32,0,7,7.90254,1
32,0,30,29.1088,1
32,0,3,2.58167,1
33,1,3,3,1
33,1,30,30,1
33,1,30,30,1
33,1,7,7,1
33,1,30,30,1
33,1,7,7,1
33,1,64,64,1
33,1,3,3,1
33,1,64,64,1
33,1,3,2,1
33,1,14,14,1
33,1,7,5,1
33,1,14,13,1
33,1,14,13,1
33,1,64,50,1
33,0,14,16.4948,1
33,0,3,3.16603,1
33,0,30,38.2222,1
33,0,64,68.781,1
33,0,14,14.5448,1
33,0,7,8.31814,1
33,0,64,79.2576,1
33,0,30,40.1433,1
33,0,3,2.87268,1
33,0,30,40.7016,1
33,0,64,62.7457,1
33,0,14,16.0858,1
33,0,3,2.16405,1
33,0,7,7.75021,1
33,0,7,7.31485,1
34,1,7,7,1
34,1,64,60,1
34,1,30,25,1
34,1,14,10,1
34,1,7,3,1
34,1,30,20,1
34,1,64,40,1
34,1,7,3,1
34,1,14,10,1
34,1,30,15,1
34,1,3,2,1
34,1,3,2,1
34,1,64,60,1
34,1,14,7,1
34,1,3,2,1
34,0,7,9.09204,1
34,0,14,13.4294,1
34,0,64,92.8758,1
34,0,30,35.5529,1
34,0,7,7.53603,1
34,0,14,13.2251,1
34,0,7,6.41671,1
34,0,14,15.8362,1
34,0,30,30.8373,1
34,0,64,83.4776,1
34,0,3,3.50722,1
34,0,30,36.1004,1
34,0,64,85.6931,1
34,0,3,2.71779,1
34,0,3,3.27337,1
35,1,7,7,1
35,1,30,31,1
35,1,64,65,1
35,1,3,3,1
35,1,3,3,1
35,1,14,15,1
35,1,7,7,1
35,1,14,14,1
35,1,14,15,1
35,1,64,60,1
35,1,64,60,1
35,1,3,3,1
35,1,7,7,1
35,1,30,30,1
35,1,30,30,1
35,0,3,2.02662,1
35,0,30,27.6192,1
35,0,64,56.155,1
35,0,30,23.0838,1
35,0,30,23.5141,1
35,0,7,5.25698,1
35,0,14,10.2837,1
35,0,14,10.5076,1
35,0,64,57.5974,1
35,0,64,53.5502,1
35,0,3,2.20658,1
35,0,3,2.13546,1
35,0,7,5.13563,1
35,0,7,5.39317,1
35,0,14,12.2798,1
36,1,30,22,1
36,1,3,2,1
36,1,7,6,1
36,1,14,11,1
36,1,3,3,1
36,1,14,10,1
36,1,3,2,1
36,1,30,21,1
36,1,14,11,1
36,1,7,6,1
36,1,64,44,1
36,1,30,20,1
36,1,7,4,1
36,1,64,37,1
36,1,64,41,1
36,0,64,103.838,1
36,0,7,10.751,1
36,0,64,98.7891,1
36,0,14,21.6605,1
36,0,30,41.448,1
36,0,30,34.0003,1
36,0,14,20.0134,1
36,0,64,45.5954,1
36,0,3,3.95465,1
36,0,3,3.81065,1
36,0,30,34.8847,1
36,0,7,9.5847,1
36,0,14,19.7595,1
36,0,3,4.15546,1
36,0,7,9.42339,1
37,1,7,10,1
37,1,14,15,1
37,1,30,25,1
37,1,64,75,1
37,1,7,10,1
37,1,3,3,1
37,1,64,65,1
37,1,3,3,1
37,1,14,17,1
37,1,30,27,1
37,1,30,28,1
37,1,3,3,1
37,1,14,12,1
37,1,7,7,1
37,1,64,65,1
37,0,3,2.56198,1
37,0,14,5.14366,1
37,0,7,21.1549,1
37,0,7,8.15394,1
37,0,3,3.88079,1
37,0,14,19.0223,1
37,0,64,56.5757,1
37,0,64,51.1688,1
37,0,30,14.5441,1
37,0,14,13.5454,1
37,0,30,30.9414,1
37,0,30,25.4902,1
37,0,3,2.95428,1
37,0,7,6.72266,1
37,0,64,58.2691,1
38,1,30,60,1
38,1,14,14,1
38,1,64,59,1
38,1,3,3,1
38,1,64,60,1
38,1,30,30,1
38,1,30,30,1
38,1,3,3,1
38,1,3,3,1
38,1,14,15,1
38,1,7,8,1
38,1,64,70,1
38,1,7,8,1
38,1,14,14,1
38,1,7,8,1
38,0,30,27.1463,1
38,0,64,55.7188,1
38,0,30,1.80168,1
38,0,30,25.0882,1
38,0,64,53.1853,1
38,0,64,53.5769,1
38,0,3,2.40511,1
38,0,14,11.6433,1
38,0,7,5.4297,1
38,0,7,5.7235,1
38,0,7,6.66939,1
38,0,3,2.80894,1
38,0,14,12.2896,1
38,0,3,2.32584,1
38,0,14,11.572,1
39,1,14,8,1
39,1,64,41,1
39,1,30,19,1
39,1,30,16,1
39,1,3,2,1
39,1,3,2,1
39,1,30,16,1
39,1,64,37,1
39,1,3,2,1
39,1,7,4,1
39,1,64,36,1
39,1,14,8,1
39,1,7,3,1
39,1,7,4,1
39,1,14,9,1
39,0,64,93.9693,1
39,0,7,10.2653,1
39,0,30,44.8742,1
39,0,14,19.4713,1
39,0,30,44.6762,1
39,0,7,8.63706,1
39,0,64,81.6125,1
39,0,3,3.46043,1
39,0,64,81.7406,1
39,0,3,3.7193,1
39,0,3,3.34133,1
39,0,7,8.2452,1
39,0,30,33.4176,1
39,0,14,17.0707,1
39,0,14,19.6189,1
40,1,64,53,1
40,1,14,10,1
40,1,30,26,1
40,1,3,3,1
40,1,30,27,1
40,1,30,27,1
40,1,3,5,1
40,1,7,7,1
40,1,7,7,1
40,1,64,60,1
40,1,7,5,1
40,1,3,2,1
40,1,64,57,1
40,1,14,10,1
40,1,14,11,1
40,0,64,69.377,1
40,0,14,13.5964,1
40,0,7,6.91276,1
40,0,30,26.0379,1
40,0,64,49.3386,1
40,0,3,1.97517,1
40,0,30,26.5976,1
40,0,7,5.99984,1
40,0,14,11.9648,1
40,0,64,60.1179,1
40,0,14,14.2514,1
40,0,3,3.40945,1
40,0,3,2.9961,1
40,0,7,7.80483,1
40,0,30,28.9183,1
41,1,30,28,1
41,1,3,3,1
41,1,64,56,1
41,1,3,3,1
41,1,64,58,1
41,1,7,6,1
41,1,7,5,1
41,1,64,55,1
41,1,7,5,1
41,1,14,12,1
41,1,30,28,1
41,1,30,27,1
41,1,14,13,1
41,1,14,13,1
41,1,3,2,1
41,0,64,67.3266,1
41,0,30,33.4337,1
41,0,7,7.92962,1
41,0,14,15.1212,1
41,0,64,71.6772,1
41,0,64,70.6749,1
41,0,3,2.99493,1
41,0,7,7.39638,1
41,0,30,28.8079,1
41,0,14,14.5003,1
41,0,30,28.0038,1
41,0,3,2.71795,1
41,0,7,7.06839,1
41,0,14,14.8117,1
41,0,3,3.49791,1
42,1,7,7,1
42,1,30,30,1
42,1,3,3,1
42,1,14,14,1
42,1,14,14,1
42,1,14,14,1
42,1,64,64,1
42,1,30,25,1
42,1,3,3,1
42,1,7,7,1
42,1,64,55,1
42,1,64,64,1
42,1,7,7,1
42,1,30,30,1
42,1,3,3,1
42,0,7,6.17983,1
42,0,3,1.87222,1
42,0,64,75.5447,1
42,0,14,13.1726,1
42,0,14,21.049,1
42,0,64,85.5735,1
42,0,30,35.6623,1
42,0,3,2.63416,1
42,0,3,2.90167,1
42,0,14,14.7999,1
42,0,30,28.4976,1
42,0,7,6.02921,1
42,0,64,61.0411,1
42,0,7,6.27319,1
42,0,30,29.9806,1
43,1,64,63,1
43,1,3,3,1
43,1,30,27,1
43,1,14,11,1
43,1,64,52,1
43,1,7,6,1
43,1,3,3,1
43,1,64,55,1
43,1,14,12,1
43,1,7,6,1
43,1,14,12,1
43,1,30,23,1
43,1,30,23,1
43,1,7,4,1
43,1,3,3,1
43,0,64,84.1819,1
43,0,7,9.89277,1
43,0,30,38.8748,1
43,0,14,15.8121,1
43,0,3,3.20551,1
43,0,64,74.8754,1
43,0,30,33.7555,1
43,0,64,75.1584,1
43,0,14,16.7528,1
43,0,3,3.37721,1
43,0,7,7.99847,1
43,0,30,35.2989,1
43,0,7,7.99808,1
43,0,3,3.38938,1
43,0,14,16.9883,1
44,1,64,50,1
44,1,7,5,1
44,1,30,22,1
44,1,64,48,1
44,1,3,2,1
44,1,3,2,1
44,1,30,23,1
44,1,14,10,1
44,1,7,6,1
44,1,7,5,1
44,1,64,48,1
44,1,3,2,1
44,1,30,22,1
44,1,14,10,1
44,1,14,11,1
44,0,14,17.7752,1
44,0,14,18.3521,1
44,0,7,9.40872,1
44,0,30,41.6255,1
44,0,30,38.7015,1
44,0,3,3.78236,1
44,0,64,78.5686,1
44,0,14,19.0767,1
44,0,30,37.6266,1
44,0,3,3.36379,1
44,0,7,8.42861,1
44,0,7,8.40765,1
44,0,3,3.70908,1
44,0,64,81.2727,1
44,0,64,69.1874,1
45,1,64,43,1
45,1,30,22,1
45,1,3,3,1
45,1,7,5,1
45,1,3,3,1
45,1,64,42,1
45,1,14,10,1
45,1,64,42,1
45,1,3,2,1
45,1,7,5,1
45,1,14,9,1
45,1,30,24,1
45,1,7,6,1
45,1,30,23,1
45,1,14,12,1
45,0,3,3.20384,1
45,0,7,9.25544,1
45,0,14,19.5391,1
45,0,64,0.123835,1
45,0,30,43.4539,1
45,0,14,20.0467,1
45,0,7,10.1996,1
45,0,64,91.5124,1
45,0,30,42.1516,1
45,0,7,10.3751,1
45,0,3,5.00885,1
45,0,30,44.3007,1
45,0,3,3.32736,1
45,0,14,19.2255,1
45,0,64,87.9926,1
46,1,64,80,1
46,1,30,64,1
46,1,14,12,1
46,1,3,4,1
46,1,64,66,1
46,1,3,3,1
46,1,7,12,1
46,1,14,15,1
46,1,14,18,1
46,1,3,8,1
46,1,7,8,1
46,1,64,84,1
46,1,30,34,1
46,1,7,10,1
46,1,30,30,1
46,0,64,1.53868,1
46,0,3,1.90525,1
46,0,30,0.687239,1
46,0,64,0.780293,1
46,0,14,11.8982,1
46,0,30,15.3013,1
46,0,64,13.3625,1
46,0,30,15.1987,1
46,0,3,1.69626,1
46,0,14,13.3643,1
46,0,7,3.72441,1
46,0,14,8.22459,1
46,0,7,3.20167,1
46,0,7,3.25203,1
46,0,3,1.4173,1
47,1,7,5,1
47,1,14,7,1
47,1,64,35,1
47,1,30,20,1
47,1,64,45,1
47,1,14,14,1
47,1,7,5,1
47,1,3,2,1
47,1,64,38,1
47,1,3,2,1
47,1,30,17,1
47,1,30,15,1
47,1,14,7,1
47,1,7,4,1
47,1,3,2,1
47,0,30,53.1836,1
47,0,14,25.5963,1
47,0,30,24.7121,1
47,0,14,16.8268,1
47,0,7,6.80197,1
47,0,64,58.6963,1
47,0,7,8.13224,1
47,0,7,8.13673,1
47,0,64,43.6402,1
47,0,3,2.68671,1
47,0,30,24.7631,1
47,0,3,2.44554,1
47,0,3,3.56208,1
47,0,64,38.3399,1
47,0,14,16.7338,1
48,1,3,3,1
48,1,7,7,1
48,1,64,62,1
48,1,3,3,1
48,1,64,61,1
48,1,64,59,1
48,1,7,7,1
48,1,30,27,1
48,1,7,7,1
48,1,3,3,1
48,1,14,13,1
48,1,14,13,1
48,1,30,27,1
48,1,30,27,1
48,1,14,12,1
48,0,64,74.27,1
48,0,7,8.00675,1
48,0,30,34.4618,1
48,0,7,7.70394,1
48,0,14,15.84,1
48,0,30,32.6672,1
48,0,14,15.2302,1
48,0,3,2.73164,1
48,0,14,15.0358,1
48,0,64,72.0401,1
48,0,30,34.4277,1
48,0,64,11.4343,1
48,0,7,7.47333,1
48,0,3,2.87417,1
48,0,3,2.79239,1
49,1,7,7,1
49,1,64,58,1
49,1,30,26,1
49,1,14,13,1
49,1,14,12,1
49,1,30,28,1
49,1,64,61,1
49,1,14,13,1
49,1,7,7,1
49,1,7,6,1
49,1,3,2,1
49,1,30,25,1
49,1,3,3,1
49,1,64,59,1
49,1,3,3,1
49,0,64,69.2254,1
49,0,14,14.7324,1
49,0,14,15.0713,1
49,0,30,32.0599,1
49,0,7,7.32564,1
49,0,30,31.7962,1
49,0,64,65.9041,1
49,0,3,2.52568,1
49,0,3,2.62008,1
49,0,64,64.6869,1
49,0,3,2.71179,1
49,0,30,31.039,1
49,0,7,6.84678,1
49,0,14,13.2148,1
49,0,7,6.29919,1
50,1,64,58,1
50,1,7,7,1
50,1,14,14,1
50,1,30,28,1
50,1,30,25,1
50,1,7,6,1
50,1,7,5,1
50,1,3,2,1
50,1,14,11,1
50,1,14,10,1
50,1,64,48,1
50,1,3,2,1
50,1,64,49,1
50,1,30,26,1
50,1,3,5,1
50,0,7,8.87547,1
50,0,14,16.8212,1
50,0,64,76.4278,1
50,0,30,34.3057,1
50,0,3,3.60285,1
50,0,30,36.7956,1
50,0,64,63.1242,1
50,0,14,15.1945,1
50,0,14,12.6557,1
50,0,3,3.22021,1
50,0,30,42.6895,1
50,0,64,65.6021,1
50,0,7,5.51111,1
50,0,3,3.57135,1
50,0,7,8.88454,1
